Family,Ecotype 1,Ecotype 2,Ecotype 3,Ecotype 4,Ecotype 5,Ecotype 6,Ecotype 7,Ecotype 8,Ecotype 9,Ecotype 10,Ecotype 11,Ecotype 12,Ecotype 13,Ecotype 14,Ecotype 15,Ecotype 16,Ecotype 17,Ecotype 18,Ecotype 19,Ecotype 20,Ecotype 21,Ecotype 22,Ecotype 23,Ecotype 24,Ecotype 25,Ecotype 26,Ecotype 27,Ecotype 28,Ecotype 29,Ecotype 30,Ecotype 31,Ecotype 32,Ecotype 33,Ecotype 34,"G = 460.07, X-squared df = 759, p-value = 1"
Accipitridae,0,0,1,0,0,0,0,0,1,1,0,0,0,0,0,0,0,0,0,0,1,0,0,1,0,1,0,0,3,0,0,2,0,4,
Ardeidae,0,0,0,0,0,0,0,0,2,0,0,0,0,0,0,0,0,0,0,0,0,0,0,0,0,0,0,0,0,0,0,0,0,0,
Anatidae,0,0,0,0,0,1,0,0,0,0,0,0,0,0,0,0,2,0,0,0,1,0,0,0,0,0,0,0,0,0,0,0,0,0,
Corvidae,13,10,46,4,6,6,11,8,14,8,4,11,3,9,21,12,34,12,3,6,20,19,18,11,18,16,24,15,28,5,5,3,0,0,
Columbidae,0,0,1,0,0,0,0,0,1,0,0,0,0,0,1,0,0,0,0,0,1,1,0,0,0,0,0,0,0,0,1,0,0,0,
Cricetidae,0,0,0,0,0,0,0,0,0,0,0,0,0,0,0,0,0,0,1,0,0,0,0,0,0,0,0,0,0,0,0,0,0,0,
Camelidae,0,0,0,0,0,0,0,0,0,0,0,0,0,0,0,0,0,0,0,0,0,0,0,0,0,0,0,0,0,0,0,1,0,0,
Cardinalidae,0,0,0,1,0,0,0,0,0,0,0,0,0,0,0,0,0,0,0,0,0,0,0,0,0,0,0,0,0,0,0,0,0,0,
Icteridae,0,0,0,0,0,0,0,0,2,0,0,0,0,0,0,0,1,0,0,0,1,0,0,0,0,0,0,0,0,0,0,0,0,0,
Sciuridae,1,0,1,1,0,0,0,0,1,0,0,0,0,0,0,0,3,2,0,0,0,1,1,0,0,2,2,0,0,0,0,0,0,0,
Phalacrocoracidae,0,0,0,0,0,0,0,0,1,0,0,0,0,0,0,0,0,0,0,0,0,0,0,0,0,0,0,0,0,0,4,0,0,0,
Phoenicopteridae,0,0,0,0,0,0,0,0,0,0,0,0,0,0,0,0,0,0,0,0,0,0,0,0,0,0,0,3,0,0,0,0,0,0,
Paridae,0,0,0,0,0,0,0,0,0,1,0,0,0,0,0,0,0,0,0,0,0,0,0,0,0,0,0,0,0,0,0,0,0,0,
Picidae,0,0,0,0,0,0,0,0,0,0,0,0,0,2,0,0,0,0,0,0,0,0,0,0,0,0,0,0,0,0,0,0,0,0,
Passeridae,2,0,0,1,0,0,0,0,1,1,0,0,0,1,0,0,3,1,0,0,0,0,0,1,2,0,0,1,1,0,0,1,0,0,
Phasianidae,0,0,0,0,0,0,0,0,0,0,0,0,0,0,0,0,0,0,0,0,0,0,0,0,0,0,1,0,0,0,0,0,0,0,
Turdidae,0,0,1,0,0,0,0,0,0,1,0,0,0,0,0,0,2,0,0,0,0,0,0,0,0,0,0,0,1,1,0,0,0,0,
Mimidae,0,0,0,0,0,0,0,0,0,0,0,0,0,0,0,0,1,0,0,0,0,0,0,0,0,0,1,0,0,0,0,0,0,0,
Fringillidae,0,0,0,0,0,0,0,0,0,0,0,0,0,2,0,0,1,0,0,0,0,0,1,0,0,0,0,0,0,0,0,0,0,0,
Falconidae,0,0,0,0,0,0,0,0,0,0,0,0,0,0,0,0,0,0,0,0,0,0,0,0,0,0,0,0,0,0,0,0,0,1,
Laridae,0,0,0,0,0,0,0,0,0,0,0,0,0,0,0,0,0,0,0,0,0,0,0,0,0,0,0,0,0,0,0,1,0,0,
Muridae,0,0,0,0,0,0,0,0,0,0,0,0,0,0,0,0,0,0,0,0,0,0,0,0,0,0,0,0,1,0,0,0,0,0,
Rallidae,0,0,0,0,0,0,0,0,1,0,0,0,0,0,0,0,0,0,0,0,0,0,0,0,0,0,0,0,0,0,0,0,0,0,
Equidae,0,0,0,0,0,0,0,0,1,0,1,0,0,0,0,0,0,0,1,0,0,0,0,0,0,0,1,0,1,0,0,4,5,5,